{
  "prompt": "",
  "confusion_matrix": [
    [
      1,
      33,
      0
    ],
    [
      0,
      103,
      82
    ],
    [
      0,
      0,
      31
    ]
  ],
  "num_samples": 250,
  "skipped": 0,
  "accuracy": 0.54,
  "precision": 0.2743362831858407,
  "recall": 1.0,
  "f1": 0.4305555555555555,
  "fpr": 0.3744292237442922,
  "fnr": 0.0
}