{
  "prompt": "Detect common patterns or leetspeak substitutions (e.g., 'p@ssw0rd', '1234'). If these are present, label the password as weaker.",
  "confusion_matrix": [
    [
      4,
      22,
      8
    ],
    [
      6,
      62,
      117
    ],
    [
      2,
      0,
      29
    ]
  ],
  "num_samples": 250,
  "skipped": 0,
  "accuracy": 0.38,
  "precision": 0.41991341991341996,
  "recall": 0.4627553549754688,
  "f1": 0.3161310332475679,
  "fpr": 0.315424943735446,
  "fnr": 0.5372446450245311
}