{
  "prompt": "Search for common date or year formats (e.g., '1987', '2025'): embedded dates drastically lower security and should always score 'weak', despite class imbalance.",
  "confusion_matrix": [
    [
      34,
      0,
      0
    ],
    [
      185,
      0,
      0
    ],
    [
      31,
      0,
      0
    ]
  ],
  "num_samples": 250,
  "skipped": 0,
  "accuracy": 0.136,
  "precision": 0.04533333333333334,
  "recall": 0.3333333333333333,
  "f1": 0.07981220657276995,
  "fpr": 0.3333333333333333,
  "fnr": 0.6666666666666666
}