{
  "prompt": "",
  "confusion_matrix": [
    [
      5,
      1,
      28
    ],
    [
      36,
      5,
      144
    ],
    [
      24,
      0,
      7
    ]
  ],
  "num_samples": 250,
  "skipped": 0,
  "accuracy": 0.068,
  "precision": 0.316454185169269,
  "recall": 0.13329743405644734,
  "f1": 0.07334426287305869,
  "fpr": 0.35951684033875814,
  "fnr": 0.8667025659435525
}