{
  "prompt": "Decide whether the following password is 'weak', 'medium', or 'strong'.",
  "confusion_matrix": [
    [
      3,
      23,
      8
    ],
    [
      2,
      40,
      143
    ],
    [
      0,
      0,
      31
    ]
  ],
  "num_samples": 250,
  "skipped": 0,
  "accuracy": 0.296,
  "precision": 0.46841676841676844,
  "recall": 0.4348171701112878,
  "f1": 0.255835537071339,
  "fpr": 0.3508677100001301,
  "fnr": 0.5651828298887122
}