{
  "prompt": "Verify high-entropy segments: if long, truly random sequences appear, bias toward 'strong' over 'medium' or 'weak', given most passwords are medium.",
  "confusion_matrix": [
    [
      0,
      16,
      18
    ],
    [
      0,
      24,
      161
    ],
    [
      0,
      0,
      31
    ]
  ],
  "num_samples": 250,
  "skipped": 0,
  "accuracy": 0.22,
  "precision": 0.2492063492063492,
  "recall": 0.37657657657657656,
  "f1": 0.15686491470723837,
  "fpr": 0.3545018147757874,
  "fnr": 0.6234234234234234
}