{
  "prompt": "Detect personal-info patterns (birthdates, names, phone numbers): flag as 'weak' regardless, since these guessable cases\u2014though less frequent\u2014must be caught.",
  "confusion_matrix": [
    [
      34,
      0,
      0
    ],
    [
      185,
      0,
      0
    ],
    [
      29,
      0,
      2
    ]
  ],
  "num_samples": 250,
  "skipped": 0,
  "accuracy": 0.144,
  "precision": 0.3790322580645162,
  "recall": 0.3548387096774193,
  "f1": 0.12078229099505694,
  "fpr": 0.3302469135802469,
  "fnr": 0.6451612903225806
}