{
  "runs": [
    {
      "prompt": "",
      "confusion_matrix": [
        [
          1,
          33,
          0
        ],
        [
          0,
          103,
          82
        ],
        [
          0,
          0,
          31
        ]
      ],
      "num_samples": 250,
      "skipped": 0,
      "accuracy": 0.54,
      "precision": 0.6772297414541036,
      "recall": 0.5287228404875464,
      "f1": 0.37648098699500565,
      "fpr": 0.29404051047886665,
      "fnr": 0.47127715951245364
    },
    {
      "prompt": "Decide whether the following password is 'weak', 'medium', or 'strong'.",
      "confusion_matrix": [
        [
          25,
          9,
          0
        ],
        [
          0,
          184,
          1
        ],
        [
          0,
          2,
          29
        ]
      ],
      "num_samples": 250,
      "skipped": 0,
      "accuracy": 0.952,
      "precision": 0.9700854700854701,
      "recall": 0.8884575277364651,
      "f1": 0.9222327839604568,
      "fpr": 0.05793232642547711,
      "fnr": 0.11154247226353488
    }
  ]
}