{
  "prompt": "",
  "confusion_matrix": [
    [
      1,
      33,
      0
    ],
    [
      0,
      103,
      82
    ],
    [
      0,
      0,
      31
    ]
  ],
  "num_samples": 250,
  "skipped": 0,
  "accuracy": 0.54,
  "precision": 0.6772297414541036,
  "recall": 0.5287228404875464,
  "f1": 0.37648098699500565,
  "fpr": 0.29404051047886665,
  "fnr": 0.47127715951245364
}